{
    "variants": {
        "normal": [
            { "model": "sand/sand", "weight": 32 },
            { "model": "sand/sand", "y": 90, "weight": 15 },
            { "model": "sand/sand", "y": 180, "weight": 15 },
            { "model": "sand/sand", "y": 270, "weight": 15 },
            { "model": "sand/sand1", "weight": 5 },
            { "model": "sand/sand1", "y": 90, "weight": 5 },
            { "model": "sand/sand1", "y": 180, "weight": 5 },
            { "model": "sand/sand1", "y": 270, "weight": 5 },
            { "model": "sand/sand2", "weight": 5 },
            { "model": "sand/sand2", "y": 90, "weight": 5 },
            { "model": "sand/sand2", "y": 180, "weight": 5 },
            { "model": "sand/sand2", "y": 270, "weight": 5 },
            { "model": "sand/sand3", "weight": 5 },
            { "model": "sand/sand3", "y": 90, "weight": 5 },
            { "model": "sand/sand3", "y": 180, "weight": 5 },
            { "model": "sand/sand3", "y": 270, "weight": 5 },
            { "model": "sand/sand4", "weight": 2 },
            { "model": "sand/sand4", "y": 90, "weight": 5 },
            { "model": "sand/sand4", "y": 180, "weight": 5 },
            { "model": "sand/sand4", "y": 270, "weight": 5 }

        ]
    }
}
